Catégorie,Sous-catégorie,Titre,Description,Quantité,Type,Prix,Profil de livraison,Matières dangereuses,État,Coût par article,SKU,Image URL 1,Image URL 2,Image URL 3,Image URL 4,Image URL 5,Image URL 6,Image URL 7,Image URL 8
Trading Card Games,Cartes Pokémon,Cynthia's Roserade - sv9a 65 - JP,AR - Heat Wave Arena - Scarlet & Violet,1,Auction,5.0,De 0 à <20 grammes,Not Hazmat,Near Mint,,,,,,,,,,
Trading Card Games,Cartes Pokémon,Misty's Psykokwak - sv9a 71 - JP,AR - Heat Wave Arena - Scarlet & Violet,0,Auction,5.0,De 0 à <20 grammes,Not Hazmat,Near Mint,,,,,,,,,,
Trading Card Games,Cartes Pokémon,Cynthia's Carchacrok ex - sv9a 87 - JP,SAR - Heat Wave Arena - Scarlet & Violet,0,Auction,10.0,De 0 à <20 grammes,Not Hazmat,Near Mint,,,,,,,,,,
Trading Card Games,Cartes Pokémon,Artikodin - sv9 102 - JP,AR - Battle Partners - Scarlet & Violet,0,Auction,5.0,De 0 à <20 grammes,Not Hazmat,Near Mint,,,,,,,,,,
Trading Card Games,Cartes Pokémon,N's Reshiram - sv9 109 - JP,AR - Battle Partners - Scarlet & Violet,0,Auction,5.0,De 0 à <20 grammes,Not Hazmat,Near Mint,,,,,,,,,,
Trading Card Games,Cartes Pokémon,Pikachu - 151 172 - CN,AR - Collect 151 - Scarlet & Violet,0,Auction,5.0,De 0 à <20 grammes,Not Hazmat,Near Mint,,,,,,,,,,
Trading Card Games,Cartes Pokémon,Captain Pikachu - cbb1 709 - CN,RR - Gem Pack Vol. 1 - Scarlet & Violet,0,Auction,2.0,De 0 à <20 grammes,Not Hazmat,Near Mint,,,,,,,,,,
Trading Card Games,Cartes Pokémon,Givrali ex - sv8a 206 - JP,SAR - Terastal Festival ex - Scarlet & Violet,1,Auction,10.0,De 0 à <20 grammes,Not Hazmat,Near Mint,,,,,,,,,,
Trading Card Games,Cartes Pokémon,Nymphali ex - sv8a 212 - JP,SAR - Terastal Festival ex - Scarlet & Violet,0,Auction,10.0,De 0 à <20 grammes,Not Hazmat,Near Mint,,,,,,,,,,
Trading Card Games,Cartes Pokémon,Noctali ex - sv8a 217 - JP,SAR - Terastal Festival ex - Scarlet & Violet,0,Auction,10.0,De 0 à <20 grammes,Not Hazmat,Near Mint,,,,,,,,,,
Trading Card Games,Cartes Pokémon,Barpau - sv8 110 - JP,AR - Super Electric Breaker - Scarlet & Violet,0,Auction,5.0,De 0 à <20 grammes,Not Hazmat,Near Mint,,,,,,,,,,
Trading Card Games,Cartes Pokémon,Milobellus ex - sv8 131 - JP,SAR - Super Electric Breaker - Scarlet & Violet,0,Auction,10.0,De 0 à <20 grammes,Not Hazmat,Near Mint,,,,,,,,,,
Trading Card Games,Cartes Pokémon,Latios - sv7a 70 - JP,AR - Paradise Dragona - Scarlet & Violet,0,Auction,5.0,De 0 à <20 grammes,Not Hazmat,Near Mint,,,,,,,,,,
Trading Card Games,Cartes Pokémon,Latias ex - sv7a 87 - JP,SAR - Paradise Dragona - Scarlet & Violet,0,Auction,10.0,De 0 à <20 grammes,Not Hazmat,Near Mint,,,,,,,,,,
Trading Card Games,Cartes Pokémon,Briochien ex - sv7 129 - JP,SAR - Stellar Miracle - Scarlet & Violet,0,Auction,10.0,De 0 à <20 grammes,Not Hazmat,Near Mint,,,,,,,,,,
Trading Card Games,Cartes Pokémon,Démolosse - sv6a 66 - JP,AR - Night Wanderer - Scarlet & Violet,0,Auction,5.0,De 0 à <20 grammes,Not Hazmat,Near Mint,,,,,,,,,,
Trading Card Games,Cartes Pokémon,Skelénox - sv6a 68 - JP,AR - Night Wanderer - Scarlet & Violet,0,Auction,5.0,De 0 à <20 grammes,Not Hazmat,Near Mint,,,,,,,,,,
Trading Card Games,Cartes Pokémon,Téraclope - sv6a 69 - JP,AR - Night Wanderer - Scarlet & Violet,0,Auction,5.0,De 0 à <20 grammes,Not Hazmat,Near Mint,,,,,,,,,,
Trading Card Games,Cartes Pokémon,Noctunoir - sv6a 70 - JP,AR - Night Wanderer - Scarlet & Violet,0,Auction,5.0,De 0 à <20 grammes,Not Hazmat,Near Mint,,,,,,,,,,
Trading Card Games,Cartes Pokémon,Zorua - sv6a 72 - JP,AR - Night Wanderer - Scarlet & Violet,1,Auction,5.0,De 0 à <20 grammes,Not Hazmat,Near Mint,,,,,,,,,,
Trading Card Games,Cartes Pokémon,Incisache - sv6a 74 - JP,AR - Night Wanderer - Scarlet & Violet,0,Auction,5.0,De 0 à <20 grammes,Not Hazmat,Near Mint,,,,,,,,,,
Trading Card Games,Cartes Pokémon,Carmine - sv6 130 - JP,SAR - Mask of Change - Scarlet & Violet,0,Auction,10.0,De 0 à <20 grammes,Not Hazmat,Near Mint,,,,,,,,,,
Trading Card Games,Cartes Pokémon,Hisuian Caninos - sv5a 75 - JP,AR - Crimson Haze - Scarlet & Violet,0,Auction,5.0,De 0 à <20 grammes,Not Hazmat,Near Mint,,,,,,,,,,
Trading Card Games,Cartes Pokémon,Évoli - sv5a 78 - JP,AR - Crimson Haze - Scarlet & Violet,0,Auction,5.0,De 0 à <20 grammes,Not Hazmat,Near Mint,,,,,,,,,,
Trading Card Games,Cartes Pokémon,Amphinobi ex - sv5a 90 - JP,SAR - Crimson Haze - Scarlet & Violet,0,Auction,10.0,De 0 à <20 grammes,Not Hazmat,Near Mint,,,,,,,,,,
Trading Card Games,Cartes Pokémon,Perrin - sv5a 92 - JP,SAR - Crimson Haze - Scarlet & Violet,0,Auction,10.0,De 0 à <20 grammes,Not Hazmat,Near Mint,,,,,,,,,,
Trading Card Games,Cartes Pokémon,Tengalice - sv5m 72 - JP,AR - Cyber Judge - Scarlet & Violet,0,Auction,5.0,De 0 à <20 grammes,Not Hazmat,Near Mint,,,,,,,,,,
Trading Card Games,Cartes Pokémon,Métalosse - sv5m 80 - JP,AR - Cyber Judge - Scarlet & Violet,1,Auction,5.0,De 0 à <20 grammes,Not Hazmat,Near Mint,,,,,,,,,,
Trading Card Games,Cartes Pokémon,Ronflex - sv4a 310 - JP,Rare Shiny - Shiny Treasure ex - Scarlet & Violet,1,Auction,,De 0 à <20 grammes,Not Hazmat,Near Mint,,,,,,,,,,
Trading Card Games,Cartes Pokémon,Mew ex - sv4a 347 - JP,SAR - Shiny Treasure ex - Scarlet & Violet,0,Auction,10.0,De 0 à <20 grammes,Not Hazmat,Near Mint,,,,,,,,,,
Trading Card Games,Cartes Pokémon,Gardevoir ex - sv4a 348 - JP,SAR - Shiny Treasure ex - Scarlet & Violet,0,Auction,10.0,De 0 à <20 grammes,Not Hazmat,Near Mint,,,,,,,,,,
Trading Card Games,Cartes Pokémon,Bulbizarre - sv4g 50 - JP,"ERROR - Venusaur, Charizard & Blastoise Special Deck Set ex - Scarlet & Violet",0,Auction,0.5,De 0 à <20 grammes,Not Hazmat,Near Mint,,,,,,,,,,
Trading Card Games,Cartes Pokémon,Salamèche - sv4g 51 - JP,"ERROR - Venusaur, Charizard & Blastoise Special Deck Set ex - Scarlet & Violet",0,Auction,0.5,De 0 à <20 grammes,Not Hazmat,Near Mint,,,,,,,,,,
Trading Card Games,Cartes Pokémon,Carapuce - sv4g 52 - JP,"ERROR - Venusaur, Charizard & Blastoise Special Deck Set ex - Scarlet & Violet",0,Auction,0.5,De 0 à <20 grammes,Not Hazmat,Near Mint,,,,,,,,,,
Trading Card Games,Cartes Pokémon,Sorboul - sv4m 70 - JP,AR - Future Flash - Scarlet & Violet,1,Auction,5.0,De 0 à <20 grammes,Not Hazmat,Near Mint,,,,,,,,,,
Trading Card Games,Cartes Pokémon,Shaofouine - sv4k 72 - JP,AR - Ancient Roar - Scarlet & Violet,1,Auction,5.0,De 0 à <20 grammes,Not Hazmat,Near Mint,,,,,,,,,,
Trading Card Games,Cartes Pokémon,Steelix - sv4m 74 - JP,AR - Future Flash - Scarlet & Violet,0,Auction,5.0,De 0 à <20 grammes,Not Hazmat,Near Mint,,,,,,,,,,
Trading Card Games,Cartes Pokémon,Porygon-Z - sv4m 77 - JP,AR - Future Flash - Scarlet & Violet,1,Auction,5.0,De 0 à <20 grammes,Not Hazmat,Near Mint,,,,,,,,,,
Trading Card Games,Cartes Pokémon,Sarmuraï ex - sv4k 88 - JP,SAR - Ancient Roar - Scarlet & Violet,0,Auction,10.0,De 0 à <20 grammes,Not Hazmat,Near Mint,,,,,,,,,,
Trading Card Games,Cartes Pokémon,Yveltal - sv3a 71 - JP,ERROR - Raging Surf - Scarlet & Violet,0,Auction,0.5,De 0 à <20 grammes,Not Hazmat,Near Mint,,,,,,,,,,
Trading Card Games,Cartes Pokémon,Exagide - sv3a 73 - JP,ERROR - Raging Surf - Scarlet & Violet,0,Auction,0.5,De 0 à <20 grammes,Not Hazmat,Near Mint,,,,,,,,,,
Trading Card Games,Cartes Pokémon,Parasol Lady - sv3a 89 - JP,ERROR - Raging Surf - Scarlet & Violet,0,Auction,0.5,De 0 à <20 grammes,Not Hazmat,Near Mint,,,,,,,,,,
Trading Card Games,Cartes Pokémon,Feunard - sv3 110 - JP,ERROR - Ruler of the Black Flame - Scarlet & Violet,0,Auction,0.5,De 0 à <20 grammes,Not Hazmat,Near Mint,,,,,,,,,,
Trading Card Games,Cartes Pokémon,Cizayox - sv3 116 - JP,ERROR - Ruler of the Black Flame - Scarlet & Violet,1,Auction,0.5,De 0 à <20 grammes,Not Hazmat,Near Mint,,,,,,,,,,
Trading Card Games,Cartes Pokémon,Bulbizarre - sv2a 166 - JP,ERROR - Pokémon Card 151 - Scarlet & Violet,0,Auction,0.5,De 0 à <20 grammes,Not Hazmat,Near Mint,,,,,,,,,,
Trading Card Games,Cartes Pokémon,Salamèche - sv2a 168 - JP,ERROR - Pokémon Card 151 - Scarlet & Violet,0,Auction,0.5,De 0 à <20 grammes,Not Hazmat,Near Mint,,,,,,,,,,
Trading Card Games,Cartes Pokémon,Reptincel - sv2a 169 - JP,ERROR - Pokémon Card 151 - Scarlet & Violet,0,Auction,0.5,De 0 à <20 grammes,Not Hazmat,Near Mint,,,,,,,,,,
Trading Card Games,Cartes Pokémon,Carabaffe - sv2a 171 - JP,ERROR - Pokémon Card 151 - Scarlet & Violet,0,Auction,0.5,De 0 à <20 grammes,Not Hazmat,Near Mint,,,,,,,,,,
Trading Card Games,Cartes Pokémon,Chenipan - sv2a 172 - JP,ERROR - Pokémon Card 151 - Scarlet & Violet,1,Auction,0.5,De 0 à <20 grammes,Not Hazmat,Near Mint,,,,,,,,,,
Trading Card Games,Cartes Pokémon,Pikachu - sv2a 173 - JP,ERROR - Pokémon Card 151 - Scarlet & Violet,0,Auction,0.5,De 0 à <20 grammes,Not Hazmat,Near Mint,,,,,,,,,,
Trading Card Games,Cartes Pokémon,Têtarte - sv2a 176 - JP,ERROR - Pokémon Card 151 - Scarlet & Violet,0,Auction,0.5,De 0 à <20 grammes,Not Hazmat,Near Mint,,,,,,,,,,
Trading Card Games,Cartes Pokémon,Ronflex - sv2a 181 - JP,ERROR - Pokémon Card 151 - Scarlet & Violet,1,Auction,0.5,De 0 à <20 grammes,Not Hazmat,Near Mint,,,,,,,,,,
Trading Card Games,Cartes Pokémon,Draco - sv2a 182 - JP,ERROR - Pokémon Card 151 - Scarlet & Violet,0,Auction,0.5,De 0 à <20 grammes,Not Hazmat,Near Mint,,,,,,,,,,
Trading Card Games,Cartes Pokémon,Mewtwo - sv2a 183 - JP,ERROR - Pokémon Card 151 - Scarlet & Violet,0,Auction,0.5,De 0 à <20 grammes,Not Hazmat,Near Mint,,,,,,,,,,
Trading Card Games,Cartes Pokémon,Florizarre ex - sv2a 200 - JP,ERROR - Pokémon Card 151 - Scarlet & Violet,0,Auction,0.5,De 0 à <20 grammes,Not Hazmat,Near Mint,,,,,,,,,,
Trading Card Games,Cartes Pokémon,Dracaufeu ex - sv2a 201 - JP,ERROR - Pokémon Card 151 - Scarlet & Violet,0,Auction,0.5,De 0 à <20 grammes,Not Hazmat,Near Mint,,,,,,,,,,
Trading Card Games,Cartes Pokémon,Tortank ex - sv2a 202 - JP,ERROR - Pokémon Card 151 - Scarlet & Violet,0,Auction,0.5,De 0 à <20 grammes,Not Hazmat,Near Mint,,,,,,,,,,
Trading Card Games,Cartes Pokémon,Alakazam ex - sv2a 203 - JP,ERROR - Pokémon Card 151 - Scarlet & Violet,0,Auction,0.5,De 0 à <20 grammes,Not Hazmat,Near Mint,,,,,,,,,,
Trading Card Games,Cartes Pokémon,Électhor ex - sv2a 204 - JP,ERROR - Pokémon Card 151 - Scarlet & Violet,0,Auction,0.5,De 0 à <20 grammes,Not Hazmat,Near Mint,,,,,,,,,,
Trading Card Games,Cartes Pokémon,Mew ex - sv2a 205 - JP,ERROR - Pokémon Card 151 - Scarlet & Violet,0,Auction,0.5,De 0 à <20 grammes,Not Hazmat,Near Mint,,,,,,,,,,
Trading Card Games,Cartes Pokémon,Scarhino - sv2d 72 - JP,ERROR - Clay Burst - Scarlet & Violet,0,Auction,0.5,De 0 à <20 grammes,Not Hazmat,Near Mint,,,,,,,,,,
Trading Card Games,Cartes Pokémon,Raichu - sv2d 74 - JP,ERROR - Clay Burst - Scarlet & Violet,0,Auction,0.5,De 0 à <20 grammes,Not Hazmat,Near Mint,,,,,,,,,,
Trading Card Games,Cartes Pokémon,Simularbre - sv2p 80 - JP,ERROR - Snow Hazard - Scarlet & Violet,0,Auction,0.5,De 0 à <20 grammes,Not Hazmat,Near Mint,,,,,,,,,,
Trading Card Games,Cartes Pokémon,Magicarpe - sv1a 80 - JP,ERROR - Triple Beat - Scarlet & Violet,0,Auction,0.5,De 0 à <20 grammes,Not Hazmat,Near Mint,,,,,,,,,,
Trading Card Games,Cartes Pokémon,Dendra - sv1a 99 - JP,ERROR - Triple Beat - Scarlet & Violet,0,Auction,0.5,De 0 à <20 grammes,Not Hazmat,Near Mint,,,,,,,,,,
Trading Card Games,Cartes Pokémon,Tarsal - sv1s 83 - JP,ERROR - Scarlet ex - Scarlet & Violet,0,Auction,0.5,De 0 à <20 grammes,Not Hazmat,Near Mint,,,,,,,,,,
Trading Card Games,Cartes Pokémon,Kirlia - sv1s 84 - JP,ERROR - Scarlet ex - Scarlet & Violet,0,Auction,0.5,De 0 à <20 grammes,Not Hazmat,Near Mint,,,,,,,,,,
Trading Card Games,Cartes Pokémon,Pâtachiot - sv1s 85 - JP,ERROR - Scarlet ex - Scarlet & Violet,0,Auction,0.5,De 0 à <20 grammes,Not Hazmat,Near Mint,,,,,,,,,,
Trading Card Games,Cartes Pokémon,Riolu - sv1s 86 - JP,ERROR - Scarlet ex - Scarlet & Violet,0,Auction,0.5,De 0 à <20 grammes,Not Hazmat,Near Mint,,,,,,,,,,
Trading Card Games,Cartes Pokémon,Scalpereur - sv1s 89 - JP,ERROR - Scarlet ex - Scarlet & Violet,0,Auction,0.5,De 0 à <20 grammes,Not Hazmat,Near Mint,,,,,,,,,,
Trading Card Games,Cartes Pokémon,Étourmi - sv1s 90 - JP,ERROR - Scarlet ex - Scarlet & Violet,1,Auction,0.5,De 0 à <20 grammes,Not Hazmat,Near Mint,,,,,,,,,,
Trading Card Games,Cartes Pokémon,Gardevoir ex - sv1s 101 - JP,ERROR - Scarlet ex - Scarlet & Violet,0,Auction,0.5,De 0 à <20 grammes,Not Hazmat,Near Mint,,,,,,,,,,
Trading Card Games,Cartes Pokémon,Maganon - s12a 175 - JP,AR - VSTAR Universe - Sword & Shield,0,Auction,5.0,De 0 à <20 grammes,Not Hazmat,Near Mint,,,,,,,,,,
Trading Card Games,Cartes Pokémon,Lokhlass - s12a 177 - JP,AR - VSTAR Universe - Sword & Shield,1,Auction,5.0,De 0 à <20 grammes,Not Hazmat,Near Mint,,,,,,,,,,
Trading Card Games,Cartes Pokémon,Élekable - s12a 180 - JP,AR - VSTAR Universe - Sword & Shield,0,Auction,5.0,De 0 à <20 grammes,Not Hazmat,Near Mint,,,,,,,,,,
Trading Card Games,Cartes Pokémon,Mew - s12a 183 - JP,AR - VSTAR Universe - Sword & Shield,0,Auction,5.0,De 0 à <20 grammes,Not Hazmat,Near Mint,,,,,,,,,,
Trading Card Games,Cartes Pokémon,Latias - s12a 195 - JP,AR - VSTAR Universe - Sword & Shield,0,Auction,5.0,De 0 à <20 grammes,Not Hazmat,Near Mint,,,,,,,,,,
Trading Card Games,Cartes Pokémon,Métamorph - s12a 197 - JP,AR - VSTAR Universe - Sword & Shield,0,Auction,5.0,De 0 à <20 grammes,Not Hazmat,Near Mint,,,,,,,,,,
Trading Card Games,Cartes Pokémon,Écrémeuh - s12a 199 - JP,AR - VSTAR Universe - Sword & Shield,1,Auction,5.0,De 0 à <20 grammes,Not Hazmat,Near Mint,,,,,,,,,,
Trading Card Games,Cartes Pokémon,Castorno - s12a 200 - JP,AR - VSTAR Universe - Sword & Shield,0,Auction,5.0,De 0 à <20 grammes,Not Hazmat,Near Mint,,,,,,,,,,
Trading Card Games,Cartes Pokémon,Riolu - s12a 201 - JP,AR - VSTAR Universe - Sword & Shield,0,Auction,5.0,De 0 à <20 grammes,Not Hazmat,Near Mint,,,,,,,,,,
Trading Card Games,Cartes Pokémon,Keunotor - s12a 204 - JP,AR - VSTAR Universe - Sword & Shield,0,Auction,5.0,De 0 à <20 grammes,Not Hazmat,Near Mint,,,,,,,,,,
Trading Card Games,Cartes Pokémon,Tortipouss - s12a 206 - JP,AR - VSTAR Universe - Sword & Shield,0,Auction,5.0,De 0 à <20 grammes,Not Hazmat,Near Mint,,,,,,,,,,
Trading Card Games,Cartes Pokémon,Phyllali VSTAR - s12a 210 - JP,SAR - VSTAR Universe - Sword & Shield,0,Auction,10.0,De 0 à <20 grammes,Not Hazmat,Near Mint,,,,,,,,,,
Trading Card Games,Cartes Pokémon,Dracaufeu V - s12a 211 - JP,SAR - VSTAR Universe - Sword & Shield,0,Auction,10.0,De 0 à <20 grammes,Not Hazmat,Near Mint,,,,,,,,,,
Trading Card Games,Cartes Pokémon,Dracaufeu VSTAR - s12a 212 - JP,SAR - VSTAR Universe - Sword & Shield,0,Auction,10.0,De 0 à <20 grammes,Not Hazmat,Near Mint,,,,,,,,,,
Trading Card Games,Cartes Pokémon,Givrali VSTAR - s12a 217 - JP,SAR - VSTAR Universe - Sword & Shield,1,Auction,10.0,De 0 à <20 grammes,Not Hazmat,Near Mint,,,,,,,,,,
Trading Card Games,Cartes Pokémon,Lucario VSTAR - s12a 226 - JP,SAR - VSTAR Universe - Sword & Shield,1,Auction,10.0,De 0 à <20 grammes,Not Hazmat,Near Mint,,,,,,,,,,
Trading Card Games,Cartes Pokémon,Darkrai VSTAR - s12a 228 - JP,SAR - VSTAR Universe - Sword & Shield,2,Auction,10.0,De 0 à <20 grammes,Not Hazmat,Near Mint,,,,,,,,,,
Trading Card Games,Cartes Pokémon,Hisuian Zoroark VSTAR - s12a 234 - JP,SAR - VSTAR Universe - Sword & Shield,0,Auction,10.0,De 0 à <20 grammes,Not Hazmat,Near Mint,,,,,,,,,,
Trading Card Games,Cartes Pokémon,Cynthia's Ambition - s12a 239 - JP,SAR - VSTAR Universe - Sword & Shield,0,Auction,10.0,De 0 à <20 grammes,Not Hazmat,Near Mint,,,,,,,,,,
Trading Card Games,Cartes Pokémon,Cheren's Care - s12a 241 - JP,SAR - VSTAR Universe - Sword & Shield,0,Auction,10.0,De 0 à <20 grammes,Not Hazmat,Near Mint,,,,,,,,,,
Trading Card Games,Cartes Pokémon,Friends in Sinnoh - s12a 247 - JP,SR - VSTAR Universe - Sword & Shield,0,Auction,8.0,De 0 à <20 grammes,Not Hazmat,Near Mint,,,,,,,,,,
Trading Card Games,Cartes Pokémon,Friends in Hisui - s12a 249 - JP,SR - VSTAR Universe - Sword & Shield,0,Auction,8.0,De 0 à <20 grammes,Not Hazmat,Near Mint,,,,,,,,,,
Trading Card Games,Cartes Pokémon,Origin Forme Palkia VSTAR - s12a 259 - JP,RR - VSTAR Universe - Sword & Shield,0,Auction,2.0,De 0 à <20 grammes,Not Hazmat,Near Mint,,,,,,,,,,
Trading Card Games,Cartes Pokémon,Origin Forme Dialga VSTAR - s12a 260 - JP,RR - VSTAR Universe - Sword & Shield,0,Auction,2.0,De 0 à <20 grammes,Not Hazmat,Near Mint,,,,,,,,,,
Trading Card Games,Cartes Pokémon,Giratina VSTAR - s12a 261 - JP,RR - VSTAR Universe - Sword & Shield,1,Auction,2.0,De 0 à <20 grammes,Not Hazmat,Near Mint,,,,,,,,,,
Trading Card Games,Cartes Pokémon,Arceus VSTAR - s12a 262 - JP,RR - VSTAR Universe - Sword & Shield,0,Auction,2.0,De 0 à <20 grammes,Not Hazmat,Near Mint,,,,,,,,,,
Trading Card Games,Cartes Pokémon,Milobellus - s11a 70 - JP,RR - Incandescent Arcana - Sword & Shield,0,Auction,2.0,De 0 à <20 grammes,Not Hazmat,Near Mint,,,,,,,,,,
Trading Card Games,Cartes Pokémon,Gardevoir - s11a 72 - JP,RR - Incandescent Arcana - Sword & Shield,1,Auction,2.0,De 0 à <20 grammes,Not Hazmat,Near Mint,,,,,,,,,,
Trading Card Games,Cartes Pokémon,Giratina V - s11 111 - JP,SR - Lost Abyss - Sword & Shield,0,Auction,8.0,De 0 à <20 grammes,Not Hazmat,Near Mint,,,,,,,,,,
Trading Card Games,Cartes Pokémon,Giratina VSTAR - s11 125 - JP,RR - Lost Abyss - Sword & Shield,0,Auction,2.0,De 0 à <20 grammes,Not Hazmat,Near Mint,,,,,,,,,,
Trading Card Games,Cartes Pokémon,Pikachu - s10a 73 - JP,RR - Dark Phantasma - Sword & Shield,1,Auction,2.0,De 0 à <20 grammes,Not Hazmat,Near Mint,,,,,,,,,,
Trading Card Games,Cartes Pokémon,Hisuian Arcanin - s10a 75 - JP,RR - Dark Phantasma - Sword & Shield,0,Auction,2.0,De 0 à <20 grammes,Not Hazmat,Near Mint,,,,,,,,,,
Trading Card Games,Cartes Pokémon,Ronflex - s10a 77 - JP,RR - Dark Phantasma - Sword & Shield,1,Auction,2.0,De 0 à <20 grammes,Not Hazmat,Near Mint,,,,,,,,,,
Trading Card Games,Cartes Pokémon,Origin Forme Palkia V - s10P 71 - JP,SR - Space Juggler - Sword & Shield,0,Auction,8.0,De 0 à <20 grammes,Not Hazmat,Near Mint,,,,,,,,,,
Trading Card Games,Cartes Pokémon,Mackogneur V - s10D 73 - JP,SR - Time Gazer - Sword & Shield,0,Auction,8.0,De 0 à <20 grammes,Not Hazmat,Near Mint,,,,,,,,,,
Trading Card Games,Cartes Pokémon,Origin Forme Dialga V - s10D 75 - JP,SR - Time Gazer - Sword & Shield,0,Auction,8.0,De 0 à <20 grammes,Not Hazmat,Near Mint,,,,,,,,,,
Trading Card Games,Cartes Pokémon,Gardenia's Vigor - s10D 78 - JP,SR - Time Gazer - Sword & Shield,0,Auction,8.0,De 0 à <20 grammes,Not Hazmat,Near Mint,,,,,,,,,,
Trading Card Games,Cartes Pokémon,Roserade - s9a 68 - JP,RR - Battle Region - Sword & Shield,1,Auction,2.0,De 0 à <20 grammes,Not Hazmat,Near Mint,,,,,,,,,,
Trading Card Games,Cartes Pokémon,Lugulabre - s9a 69 - JP,RR - Battle Region - Sword & Shield,0,Auction,2.0,De 0 à <20 grammes,Not Hazmat,Near Mint,,,,,,,,,,
Trading Card Games,Cartes Pokémon,Cerbyllin - s9a 70 - JP,RR - Battle Region - Sword & Shield,0,Auction,2.0,De 0 à <20 grammes,Not Hazmat,Near Mint,,,,,,,,,,
Trading Card Games,Cartes Pokémon,Dracaufeu V - s9 103 - JP,SR - Star Birth - Sword & Shield,0,Auction,8.0,De 0 à <20 grammes,Not Hazmat,Near Mint,,,,,,,,,,
Trading Card Games,Cartes Pokémon,Arceus V - s9 112 - JP,SR - Star Birth - Sword & Shield,0,Auction,8.0,De 0 à <20 grammes,Not Hazmat,Near Mint,,,,,,,,,,
Trading Card Games,Cartes Pokémon,Cynthia's Ambition - s9 114 - JP,SR - Star Birth - Sword & Shield,0,Auction,8.0,De 0 à <20 grammes,Not Hazmat,Near Mint,,,,,,,,,,
Trading Card Games,Cartes Pokémon,Blizzaroi - s8b 185 - JP,RR - VMAX Climax - Sword & Shield,0,Auction,2.0,De 0 à <20 grammes,Not Hazmat,Near Mint,,,,,,,,,,
Trading Card Games,Cartes Pokémon,Dracaufeu - s8b 187 - JP,RR - VMAX Climax - Sword & Shield,0,Auction,2.0,De 0 à <20 grammes,Not Hazmat,Near Mint,,,,,,,,,,
Trading Card Games,Cartes Pokémon,Hyporoi - s8b 190 - JP,RR - VMAX Climax - Sword & Shield,0,Auction,2.0,De 0 à <20 grammes,Not Hazmat,Near Mint,,,,,,,,,,
Trading Card Games,Cartes Pokémon,Dedenne - s8b 200 - JP,RR - VMAX Climax - Sword & Shield,0,Auction,2.0,De 0 à <20 grammes,Not Hazmat,Near Mint,,,,,,,,,,
Trading Card Games,Cartes Pokémon,Pikachu V - s8b 222 - JP,Other - VMAX Climax - Sword & Shield,0,Auction,1.0,De 0 à <20 grammes,Not Hazmat,Near Mint,,,,,,,,,,
Trading Card Games,Cartes Pokémon,Pikachu VMAX - s8b 223 - JP,Other - VMAX Climax - Sword & Shield,0,Auction,1.0,De 0 à <20 grammes,Not Hazmat,Near Mint,,,,,,,,,,
Trading Card Games,Cartes Pokémon,Nymphali V - s8b 231 - JP,Other - VMAX Climax - Sword & Shield,1,Auction,1.0,De 0 à <20 grammes,Not Hazmat,Near Mint,,,,,,,,,,
Trading Card Games,Cartes Pokémon,Nymphali VMAX - s8b 232 - JP,Other - VMAX Climax - Sword & Shield,0,Auction,1.0,De 0 à <20 grammes,Not Hazmat,Near Mint,,,,,,,,,,
Trading Card Games,Cartes Pokémon,Noctali V - s8b 244 - JP,Other - VMAX Climax - Sword & Shield,1,Auction,1.0,De 0 à <20 grammes,Not Hazmat,Near Mint,,,,,,,,,,
Trading Card Games,Cartes Pokémon,Noctali VMAX - s8b 245 - JP,Other - VMAX Climax - Sword & Shield,0,Auction,1.0,De 0 à <20 grammes,Not Hazmat,Near Mint,,,,,,,,,,
Trading Card Games,Cartes Pokémon,Professor's Research - s8b 266 - JP,SR - VMAX Climax - Sword & Shield,0,Auction,8.0,De 0 à <20 grammes,Not Hazmat,Near Mint,,,,,,,,,,
Trading Card Games,Cartes Pokémon,Dracolosse V - s7r 74 - JP,SR - Blue Sky Stream - Sword & Shield,0,Auction,8.0,De 0 à <20 grammes,Not Hazmat,Near Mint,,,,,,,,,,
Trading Card Games,Cartes Pokémon,Rayquaza V - s7r 76 - JP,SR - Blue Sky Stream - Sword & Shield,0,Auction,8.0,De 0 à <20 grammes,Not Hazmat,Near Mint,,,,,,,,,,
Trading Card Games,Cartes Pokémon,Phyllali V - s6a 71 - JP,SR - Eevee Heroes - Sword & Shield,0,Auction,8.0,De 0 à <20 grammes,Not Hazmat,Near Mint,,,,,,,,,,
Trading Card Games,Cartes Pokémon,Pyroli V - s6a 73 - JP,SR - Eevee Heroes - Sword & Shield,0,Auction,8.0,De 0 à <20 grammes,Not Hazmat,Near Mint,,,,,,,,,,
Trading Card Games,Cartes Pokémon,Aquali V - s6a 75 - JP,SR - Eevee Heroes - Sword & Shield,0,Auction,8.0,De 0 à <20 grammes,Not Hazmat,Near Mint,,,,,,,,,,
Trading Card Games,Cartes Pokémon,Givrali V - s6a 77 - JP,SR - Eevee Heroes - Sword & Shield,0,Auction,8.0,De 0 à <20 grammes,Not Hazmat,Near Mint,,,,,,,,,,
Trading Card Games,Cartes Pokémon,Voltali V - s6a 79 - JP,SR - Eevee Heroes - Sword & Shield,0,Auction,8.0,De 0 à <20 grammes,Not Hazmat,Near Mint,,,,,,,,,,
Trading Card Games,Cartes Pokémon,Mentali V - s6a 81 - JP,SR - Eevee Heroes - Sword & Shield,0,Auction,8.0,De 0 à <20 grammes,Not Hazmat,Near Mint,,,,,,,,,,
Trading Card Games,Cartes Pokémon,Nymphali V - s6a 83 - JP,SR - Eevee Heroes - Sword & Shield,0,Auction,8.0,De 0 à <20 grammes,Not Hazmat,Near Mint,,,,,,,,,,
Trading Card Games,Cartes Pokémon,Noctali V - s6a 85 - JP,SR - Eevee Heroes - Sword & Shield,0,Auction,8.0,De 0 à <20 grammes,Not Hazmat,Near Mint,,,,,,,,,,
Trading Card Games,Cartes Pokémon,Phyllali VMAX - s6a 89 - JP,Other - Eevee Heroes - Sword & Shield,0,Auction,1.0,De 0 à <20 grammes,Not Hazmat,Near Mint,,,,,,,,,,
Trading Card Games,Cartes Pokémon,Givrali VMAX - s6a 91 - JP,Other - Eevee Heroes - Sword & Shield,0,Auction,1.0,De 0 à <20 grammes,Not Hazmat,Near Mint,,,,,,,,,,
Trading Card Games,Cartes Pokémon,Nymphali VMAX - s6a 93 - JP,Other - Eevee Heroes - Sword & Shield,0,Auction,1.0,De 0 à <20 grammes,Not Hazmat,Near Mint,,,,,,,,,,
Trading Card Games,Cartes Pokémon,Noctali VMAX - s6a 95 - JP,Other - Eevee Heroes - Sword & Shield,0,Auction,1.0,De 0 à <20 grammes,Not Hazmat,Near Mint,,,,,,,,,,
Trading Card Games,Cartes Pokémon,Leuphorie V - s6k 79 - JP,SR - Jet-Black Spirit - Sword & Shield,0,Auction,8.0,De 0 à <20 grammes,Not Hazmat,Near Mint,,,,,,,,,,
Trading Card Games,Cartes Pokémon,Karen's Conviction - s5a 81 - JP,SR - Peerless Fighters - Sword & Shield,0,Auction,8.0,De 0 à <20 grammes,Not Hazmat,Near Mint,,,,,,,,,,
Trading Card Games,Cartes Pokémon,Cheryl - swsh5 159 - FR,RR - Battle Styles - Sword & Shield,0,Auction,2.0,De 0 à <20 grammes,Not Hazmat,Near Mint,,,,,,,,,,
Trading Card Games,Cartes Pokémon,Tortipouss - mcd21 4 - FR,ERROR - McDonald's Collection 2021 - McDonald's Collections,0,Auction,0.5,De 0 à <20 grammes,Not Hazmat,Near Mint,,,,,,,,,,
Trading Card Games,Cartes Pokémon,Tortipouss - mcd21 4 - FR,ERROR - McDonald's Collection 2021 - McDonald's Collections,0,Auction,0.5,De 0 à <20 grammes,Not Hazmat,Near Mint,,,,,,,,,,
Trading Card Games,Cartes Pokémon,Pingoléon V - s5r 74 - JP,SR - Rapid Strike Master - Sword & Shield,0,Auction,8.0,De 0 à <20 grammes,Not Hazmat,Near Mint,,,,,,,,,,
Trading Card Games,Cartes Pokémon,Tyranocif V - s5i 77 - JP,SR - Single Strike Master - Sword & Shield,0,Auction,8.0,De 0 à <20 grammes,Not Hazmat,Near Mint,,,,,,,,,,
Trading Card Games,Cartes Pokémon,Cheryl - s5r 81 - JP,SR - Rapid Strike Master - Sword & Shield,0,Auction,8.0,De 0 à <20 grammes,Not Hazmat,Near Mint,,,,,,,,,,
Trading Card Games,Cartes Pokémon,Lokhlass VMAX - s4a 32 - JP,RR - Shiny Star V - Sword & Shield,0,Auction,2.0,De 0 à <20 grammes,Not Hazmat,Near Mint,,,,,,,,,,
Trading Card Games,Cartes Pokémon,Sonia - s1a 77 - JP,SR - VMAX Rising - Sword & Shield,0,Auction,8.0,De 0 à <20 grammes,Not Hazmat,Near Mint,,,,,,,,,,
Trading Card Games,Cartes Pokémon,Ronflex VMAX - s1h 46 - JP,RR - Shield - Sword & Shield,0,Auction,2.0,De 0 à <20 grammes,Not Hazmat,Near Mint,,,,,,,,,,
Trading Card Games,Cartes Pokémon,Cynthia - swshp 155 - JP,ERROR - Sword & Shield Promos - Sword & Shield,0,Auction,0.5,De 0 à <20 grammes,Not Hazmat,Near Mint,,,,,,,,,,
Trading Card Games,Cartes Pokémon,Tiplouf - swshp 232 - JP,ERROR - Sword & Shield Promos - Sword & Shield,0,Auction,0.5,De 0 à <20 grammes,Not Hazmat,Near Mint,,,,,,,,,,
Trading Card Games,Cartes Pokémon,Arceus V - swshp 267 - JP,ERROR - Sword & Shield Promos - Sword & Shield,0,Auction,0.5,De 0 à <20 grammes,Not Hazmat,Near Mint,,,,,,,,,,
Trading Card Games,Cartes Pokémon,Givrali V - swshp 270 - JP,ERROR - Sword & Shield Promos - Sword & Shield,1,Auction,0.5,De 0 à <20 grammes,Not Hazmat,Near Mint,,,,,,,,,,
Trading Card Games,Cartes Pokémon,Givrali VSTAR - swshp 271 - JP,ERROR - Sword & Shield Promos - Sword & Shield,0,Auction,0.5,De 0 à <20 grammes,Not Hazmat,Near Mint,,,,,,,,,,
Trading Card Games,Cartes Pokémon,Pikachu - swshp 323 - JP,ERROR - Sword & Shield Promos - Sword & Shield,0,Auction,0.5,De 0 à <20 grammes,Not Hazmat,Near Mint,,,,,,,,,,
Trading Card Games,Cartes Pokémon,Bulbizarre - swshp 337 - JP,ERROR - Sword & Shield Promos - Sword & Shield,0,Auction,0.5,De 0 à <20 grammes,Not Hazmat,Near Mint,,,,,,,,,,
Trading Card Games,Cartes Pokémon,Amphinobi - swshp 339 - JP,ERROR - Sword & Shield Promos - Sword & Shield,0,Auction,0.5,De 0 à <20 grammes,Not Hazmat,Near Mint,,,,,,,,,,
Trading Card Games,Cartes Pokémon,Pikachu & Zekrom GX - sm12a 41 - JP,RRR - Tag All Stars - Sun & Moon,0,Auction,3.0,De 0 à <20 grammes,Not Hazmat,Near Mint,,,,,,,,,,
Trading Card Games,Cartes Pokémon,Noctali & Darkrai GX - sm12a 182 - JP,SR - Tag All Stars - Sun & Moon,0,Auction,8.0,De 0 à <20 grammes,Not Hazmat,Near Mint,,,,,,,,,,
Trading Card Games,Cartes Pokémon,Cynthia & Caitlin - sm12 106 - JP,SR - Alter Genesis - Sun & Moon,0,Auction,8.0,De 0 à <20 grammes,Not Hazmat,Near Mint,,,,,,,,,,
Trading Card Games,Cartes Pokémon,Chartor - sm11b 50 - JP,RR - Dream League - Sun & Moon,0,Auction,2.0,De 0 à <20 grammes,Not Hazmat,Near Mint,,,,,,,,,,
Trading Card Games,Cartes Pokémon,Tiplouf - sm11b 52 - JP,RR - Dream League - Sun & Moon,0,Auction,2.0,De 0 à <20 grammes,Not Hazmat,Near Mint,,,,,,,,,,
Trading Card Games,Cartes Pokémon,Rafflesia GX - sm11b 62 - JP,SR - Dream League - Sun & Moon,0,Auction,8.0,De 0 à <20 grammes,Not Hazmat,Near Mint,,,,,,,,,,
Trading Card Games,Cartes Pokémon,Reshiram & Zekrom GX - sm11b 64 - JP,SR - Dream League - Sun & Moon,0,Auction,8.0,De 0 à <20 grammes,Not Hazmat,Near Mint,,,,,,,,,,
Trading Card Games,Cartes Pokémon,Tortank & Tiplouf GX - sm11a 16 - JP,RRR - Remix Bout - Sun & Moon,0,Auction,3.0,De 0 à <20 grammes,Not Hazmat,Near Mint,,,,,,,,,,
Trading Card Games,Cartes Pokémon,Tortank & Tiplouf GX - sm11a 70 - JP,SR - Remix Bout - Sun & Moon,0,Auction,8.0,De 0 à <20 grammes,Not Hazmat,Near Mint,,,,,,,,,,
Trading Card Games,Cartes Pokémon,Mewtwo & Mew GX - sm11 98 - JP,SR - Miracle Twin - Sun & Moon,0,Auction,8.0,De 0 à <20 grammes,Not Hazmat,Near Mint,,,,,,,,,,
Trading Card Games,Cartes Pokémon,Raichu & Alolan Raichu GX - sm10a 57 - JP,SR - GG End - Sun & Moon,0,Auction,8.0,De 0 à <20 grammes,Not Hazmat,Near Mint,,,,,,,,,,
Trading Card Games,Cartes Pokémon,Carchacrok & Giratina GX - sm10a 60 - JP,SR - GG End - Sun & Moon,0,Auction,8.0,De 0 à <20 grammes,Not Hazmat,Near Mint,,,,,,,,,,
Trading Card Games,Cartes Pokémon,Amphinobi & Zoroark GX - sm9a 59 - JP,SR - Night Unison - Sun & Moon,0,Auction,8.0,De 0 à <20 grammes,Not Hazmat,Near Mint,,,,,,,,,,
Trading Card Games,Cartes Pokémon,Gardevoir & Nymphali GX - sm9a 61 - JP,SR - Night Unison - Sun & Moon,0,Auction,8.0,De 0 à <20 grammes,Not Hazmat,Near Mint,,,,,,,,,,
Trading Card Games,Cartes Pokémon,Évoli & Ronflex GX - sm9 66 - JP,RRR - Tag Bolt - Sun & Moon,0,Auction,3.0,De 0 à <20 grammes,Not Hazmat,Near Mint,,,,,,,,,,
Trading Card Games,Cartes Pokémon,Latias & Latios GX - sm9 105 - JP,SR - Tag Bolt - Sun & Moon,0,Auction,8.0,De 0 à <20 grammes,Not Hazmat,Near Mint,,,,,,,,,,
Trading Card Games,Cartes Pokémon,Évoli & Ronflex GX - sm9 106 - JP,SR - Tag Bolt - Sun & Moon,0,Auction,8.0,De 0 à <20 grammes,Not Hazmat,Near Mint,,,,,,,,,,
Trading Card Games,Cartes Pokémon,Cynthia - sm8b 153 - JP,SR - GX Ultra Shiny - Sun & Moon,0,Auction,8.0,De 0 à <20 grammes,Not Hazmat,Near Mint,,,,,,,,,,
Trading Card Games,Cartes Pokémon,Professor Elm's Lecture - sm8 102 - JP,SR - Super-Burst Impact - Sun & Moon,0,Auction,8.0,De 0 à <20 grammes,Not Hazmat,Near Mint,,,,,,,,,,
Trading Card Games,Cartes Pokémon,TV Reporter - sm6b 74 - JP,SR - Champion Road - Sun & Moon,0,Auction,8.0,De 0 à <20 grammes,Not Hazmat,Near Mint,,,,,,,,,,
Trading Card Games,Cartes Pokémon,Karen - smxy 183 - JP,ERROR - The Best of XY - XY BREAK,0,Auction,0.5,De 0 à <20 grammes,Not Hazmat,Near Mint,,,,,,,,,,
Trading Card Games,Cartes Pokémon,Ronflex GX - smp 1 - JP,Other - Sun & Moon Promos - Sun & Moon,0,Auction,1.0,De 0 à <20 grammes,Not Hazmat,Near Mint,,,,,,,,,,
Trading Card Games,Cartes Pokémon,Darkrai - xyml 24 - JP,ERROR - Mythical & Legendary Dream Shine Collection - XY BREAK,0,Auction,0.5,De 0 à <20 grammes,Not Hazmat,Near Mint,,,,,,,,,,
Trading Card Games,Cartes Pokémon,Dialga - xyls 17 - JP,Other - Legendary Shine Collection - XY,0,Auction,1.0,De 0 à <20 grammes,Not Hazmat,Near Mint,,,,,,,,,,
Trading Card Games,Cartes Pokémon,Darkrai - bwp BW73 - FR,Other - Black & White Promos - Black & White,0,Auction,1.0,De 0 à <20 grammes,Not Hazmat,Near Mint,,,,,,,,,,
Trading Card Games,Cartes Pokémon,Darkrai - bwp BW73 - FR,Other - Black & White Promos - Black & White,0,Auction,1.0,De 0 à <20 grammes,Not Hazmat,Near Mint,,,,,,,,,,
Trading Card Games,Cartes Pokémon,Tortipouss - dpp DP01 - FR,Other - Diamond & Pearl Promos - Diamond & Pearl,0,Auction,1.0,De 0 à <20 grammes,Not Hazmat,Near Mint,,,,,,,,,,
Trading Card Games,Cartes Pokémon,Héricendre - neo1 57 - FR,Other - Neo Genesis - Neo,0,Auction,1.0,De 0 à <20 grammes,Not Hazmat,Near Mint,,,,,,,,,,
Trading Card Games,Cartes Pokémon,Héricendre - neo1 57 - FR,Other - Neo Genesis - Neo,0,Auction,1.0,De 0 à <20 grammes,Not Hazmat,Near Mint,,,,,,,,,,
Trading Card Games,Cartes Pokémon,Héricendre - neo1 57 - FR,Other - Neo Genesis - Neo,0,Auction,1.0,De 0 à <20 grammes,Not Hazmat,Near Mint,,,,,,,,,,
